capacity_kw,secondary_lpm,model,source,basis_tag
600,700,Motivair MCDU-60,data/cdu/cdu-models.csv,vendor
1000,1100,nVent RackChiller,data/cdu/cdu-models.csv,vendor
1200,1250,Stulz CyberCool,data/cdu/cdu-models.csv,vendor
1368,1200,Vertiv Liebert XDU1350,data/cdu/cdu-models.csv,vendor
1500,1500,Delta GoCool L2L 1500,data/cdu/cdu-models.csv,vendor
1500,1600,CoolIT CHx1500,data/cdu/cdu-models.csv,vendor
2000,2125,CoolIT CHx2000,data/cdu/cdu-models.csv,vendor
2300,2125,Vertiv CoolChip 2300,data/cdu/cdu-models.csv,vendor
4000,3000,Boyd ROL4000,data/cdu/cdu-models.csv,vendor
