item,cost_low_usd,cost_high_usd,cost_mid_usd,criticality,source,basis_tag
Filter element,25,120,72,CRITICAL,cdu-checklist.html §07 spare-parts register (EST band midpoint),illustrative
Dry-break QD,40,180,110,CRITICAL,cdu-checklist.html §07 spare-parts register (EST band midpoint),illustrative
EPDM gasket kit,40,150,95,CRITICAL,cdu-checklist.html §07 spare-parts register (EST band midpoint),illustrative
Leak-rope controller,300,900,600,CRITICAL,cdu-checklist.html §07 spare-parts register (EST band midpoint),illustrative
Pump seal kit,80,400,240,RECOMMENDED,cdu-checklist.html §07 spare-parts register (EST band midpoint),illustrative
Flow sensor,150,600,375,RECOMMENDED,cdu-checklist.html §07 spare-parts register (EST band midpoint),illustrative
Pressure/dP transmitter,120,450,285,RECOMMENDED,cdu-checklist.html §07 spare-parts register (EST band midpoint),illustrative
Temp/RH sensor,25,120,72,ON-DEMAND,cdu-checklist.html §07 spare-parts register (EST band midpoint),illustrative
TCV actuator,200,900,550,ON-DEMAND,cdu-checklist.html §07 spare-parts register (EST band midpoint),illustrative
