l1,l2,l3,system,description,typical_criticality,typical_dc_generations
Power — Critical,UPS,static UPS module,electrical,Double-conversion static UPS power module / amplifier,9,"legacy-raised-floor,enterprise-tier3,colo-wholesale"
Power — Critical,UPS,UPS rectifier/IGBT assembly,electrical,Rectifier / inverter IGBT power assembly for static UPS,9,"enterprise-tier3,colo-wholesale,cloud-hyperscale"
Power — Critical,UPS,UPS battery string (VRLA),electrical,Valve-regulated lead-acid battery string for UPS autonomy,8,"legacy-raised-floor,enterprise-tier3"
Power — Critical,UPS,UPS battery module (Li-ion),electrical,Lithium-ion battery module for modern UPS,8,"colo-wholesale,cloud-hyperscale,ai-factory-liquid-cooled"
Power — Critical,UPS,UPS static bypass switch,electrical,Static bypass / SCR assembly for UPS maintenance bypass,8,"enterprise-tier3,colo-wholesale"
Power — Critical,UPS,UPS control / display board,electrical,Control logic / HMI display board for UPS,6,"legacy-raised-floor,enterprise-tier3,colo-wholesale"
Power — Distribution,switchgear,MV vacuum circuit breaker,electrical,Medium-voltage vacuum circuit breaker (5-38 kV),9,"enterprise-tier3,colo-wholesale,cloud-hyperscale,ai-factory-liquid-cooled"
Power — Distribution,switchgear,LV air circuit breaker,electrical,Low-voltage air/insulated-case circuit breaker (400-6300 A),8,"legacy-raised-floor,enterprise-tier3,colo-wholesale"
Power — Distribution,switchgear,MV protection relay,electrical,Numerical protection relay (50/51/87/27/59) for MV switchgear,8,"enterprise-tier3,colo-wholesale,cloud-hyperscale"
Power — Distribution,transformer,cast-resin distribution transformer,electrical,Dry-type cast-resin distribution transformer (500-3150 kVA),8,"enterprise-tier3,colo-wholesale,cloud-hyperscale"
Power — Distribution,transformer,oil-immersed power transformer,electrical,Oil-filled power transformer (10-100 MVA) for campus substation,9,"colo-wholesale,cloud-hyperscale,ai-factory-liquid-cooled"
Power — Distribution,transformer,transformer cooling fan / pump,electrical,Forced-air/forced-oil cooling auxiliary for power transformer,6,"colo-wholesale,cloud-hyperscale,ai-factory-liquid-cooled"
Power — Distribution,PDU,floor PDU transformer/breaker,electrical,Floor-mount PDU step-down transformer + distribution breakers,7,"legacy-raised-floor,enterprise-tier3,colo-wholesale"
Power — Distribution,PDU,rack PDU (metered/switched),electrical,Intelligent rack power distribution unit (metered/switched),5,"enterprise-tier3,colo-wholesale,cloud-hyperscale,ai-factory-liquid-cooled,edge-micro"
Power — Distribution,busway,busway / busduct section,electrical,Overhead busway run section (400-6000 A),7,"colo-wholesale,cloud-hyperscale,ai-factory-liquid-cooled"
Power — Distribution,busway,busway plug-in tap-off unit,electrical,Plug-in tap-off / busway end-feed unit for rack supply,6,"colo-wholesale,cloud-hyperscale,ai-factory-liquid-cooled"
Power — Transfer,ATS,automatic transfer switch,electrical,"Automatic transfer switch (open/closed transition, 100-4000 A)",8,"legacy-raised-floor,enterprise-tier3,colo-wholesale,cloud-hyperscale"
Power — Transfer,ATS,ATS controller / logic board,electrical,Transfer-switch controller logic board,6,"legacy-raised-floor,enterprise-tier3,colo-wholesale"
Power — Transfer,STS,static transfer switch (SCR),electrical,Static transfer switch for dual-cord loads (sub-cycle transfer),8,"enterprise-tier3,colo-wholesale,cloud-hyperscale"
Power — Reactive,capacitor-bank,power-factor capacitor bank,electrical,Automatic power-factor-correction capacitor bank,5,"legacy-raised-floor,enterprise-tier3,colo-wholesale"
Power — DC,battery-system,DC plant rectifier module,electrical,48 V DC plant rectifier module (telecom-style DC bus),7,"cloud-hyperscale,ai-factory-liquid-cooled,edge-micro"
Power — Metering,power-meter,revenue/PQ power meter,monitoring,Power-quality / revenue metering instrument (Class 0.2S),4,"enterprise-tier3,colo-wholesale,cloud-hyperscale,ai-factory-liquid-cooled"
Power — Standby Generation,diesel-generator,genset alternator (end),mechanical,Diesel genset alternator / generator end (500-3500 kVA),8,"enterprise-tier3,colo-wholesale,cloud-hyperscale,ai-factory-liquid-cooled"
Power — Standby Generation,diesel-generator,genset controller / paralleling module,mechanical,Genset engine controller / paralleling switchgear module,7,"enterprise-tier3,colo-wholesale,cloud-hyperscale"
Power — Standby Generation,diesel-generator,genset turbocharger,mechanical,Turbocharger for standby diesel genset,6,"enterprise-tier3,colo-wholesale,cloud-hyperscale"
Power — Standby Generation,diesel-generator,genset jacket-water heater,mechanical,Block / jacket-water immersion heater for genset readiness,5,"legacy-raised-floor,enterprise-tier3,colo-wholesale,cloud-hyperscale"
Power — Standby Generation,diesel-generator,genset starter / battery,mechanical,Engine starter motor / starter battery for genset,5,"legacy-raised-floor,enterprise-tier3,colo-wholesale,cloud-hyperscale"
Power — Standby Generation,diesel-generator,genset fuel/oil/air filter set,mechanical,Fuel + oil + air filter element set for genset (consumable),3,"legacy-raised-floor,enterprise-tier3,colo-wholesale,cloud-hyperscale,ai-factory-liquid-cooled,edge-micro"
Power — Standby Generation,fuel-system,diesel fuel transfer pump,mechanical,Day-tank / bulk-tank diesel fuel transfer pump,6,"enterprise-tier3,colo-wholesale,cloud-hyperscale,ai-factory-liquid-cooled"
Power — Standby Generation,fuel-system,fuel polishing/filtration unit,mechanical,Diesel fuel polishing / filtration / water-separation unit,4,"enterprise-tier3,colo-wholesale,cloud-hyperscale"
Power — Standby Generation,exhaust-system,genset exhaust silencer/SCR,mechanical,Exhaust silencer + selective-catalytic-reduction (Tier 4) module,4,"colo-wholesale,cloud-hyperscale,ai-factory-liquid-cooled"
Cooling — Chilled Water,chiller,centrifugal chiller compressor,cooling,Centrifugal chiller compressor (500-3000 ton),9,"legacy-raised-floor,enterprise-tier3,colo-wholesale,cloud-hyperscale"
Cooling — Chilled Water,chiller,magnetic-bearing chiller compressor,cooling,Oil-free magnetic-bearing chiller compressor,8,"colo-wholesale,cloud-hyperscale,ai-factory-liquid-cooled"
Cooling — Chilled Water,chiller,chiller control panel / VFD,cooling,Chiller microprocessor control panel / compressor VFD,7,"enterprise-tier3,colo-wholesale,cloud-hyperscale,ai-factory-liquid-cooled"
Cooling — Chilled Water,chiller,chiller evaporator/condenser tube bundle,cooling,Shell-and-tube evaporator or condenser bundle for chiller,7,"legacy-raised-floor,enterprise-tier3,colo-wholesale,cloud-hyperscale"
Cooling — Heat Rejection,cooling-tower,cooling-tower fan / gearbox,cooling,Induced/forced-draft cooling-tower fan + gear reducer,6,"enterprise-tier3,colo-wholesale,cloud-hyperscale"
Cooling — Heat Rejection,cooling-tower,cooling-tower fill / drift eliminator,cooling,PVC fill media + drift eliminator pack for cooling tower,4,"legacy-raised-floor,enterprise-tier3,colo-wholesale,cloud-hyperscale"
Cooling — Heat Rejection,dry-cooler,finned-tube dry cooler,cooling,Adiabatic / dry fluid cooler module (free-cooling + facility loop),6,"cloud-hyperscale,ai-factory-liquid-cooled"
Cooling — Heat Rejection,dry-cooler,dry-cooler EC fan,cooling,Electronically-commutated axial fan for dry cooler / condenser,5,"colo-wholesale,cloud-hyperscale,ai-factory-liquid-cooled"
Cooling — Air,CRAC-CRAH,CRAC/CRAH compressor,cooling,DX compressor for computer-room air conditioner,7,"legacy-raised-floor,enterprise-tier3,colo-wholesale"
Cooling — Air,CRAC-CRAH,CRAC/CRAH EC fan array,cooling,Electronically-commutated fan / fan array for CRAC/CRAH,6,"legacy-raised-floor,enterprise-tier3,colo-wholesale,cloud-hyperscale"
Cooling — Air,CRAC-CRAH,CRAC/CRAH cooling coil,cooling,Chilled-water / DX cooling coil for CRAH/CRAC,5,"legacy-raised-floor,enterprise-tier3,colo-wholesale"
Cooling — Air,CRAC-CRAH,CRAC/CRAH humidifier,cooling,Steam / infrared / ultrasonic humidifier module for CRAC,4,"legacy-raised-floor,enterprise-tier3,colo-wholesale"
Cooling — Air,CRAC-CRAH,air filter element,cooling,MERV/HEPA air filter element for CRAC/CRAH/AHU (consumable),3,"legacy-raised-floor,enterprise-tier3,colo-wholesale,cloud-hyperscale,ai-factory-liquid-cooled,edge-micro"
Cooling — Air,CRAC-CRAH,AHU supply/return fan,cooling,Plug fan / fan-wall module for air-handling unit,6,"colo-wholesale,cloud-hyperscale"
Cooling — Air,adiabatic-cooling,adiabatic cooler media + pump,cooling,Evaporative media pad + recirculation pump for adiabatic cooler,4,"cloud-hyperscale,ai-factory-liquid-cooled"
Cooling — Liquid,CDU-coolant-distribution,coolant distribution unit (CDU) pump,cooling,Primary coolant pump for direct-to-chip CDU,8,"ai-factory-liquid-cooled,cloud-hyperscale"
Cooling — Liquid,CDU-coolant-distribution,CDU plate heat exchanger,cooling,Brazed-plate HX (technology↔facility loop) inside a CDU,8,"ai-factory-liquid-cooled,cloud-hyperscale"
Cooling — Liquid,CDU-coolant-distribution,CDU control board / leak sensor,cooling,CDU control / monitoring board with leak detection,7,"ai-factory-liquid-cooled,cloud-hyperscale"
Cooling — Liquid,direct-to-chip-cooling,GPU/CPU cold plate,cooling,Direct-to-chip liquid cold plate (microchannel) for GPU/CPU,7,ai-factory-liquid-cooled
Cooling — Liquid,cooling-manifold,rack cooling manifold,cooling,In-rack liquid-cooling distribution manifold + quick-disconnects,6,ai-factory-liquid-cooled
Cooling — Liquid,cooling-manifold,quick-disconnect coupling (dripless),cooling,Dripless quick-disconnect coupling for liquid-cooling lines,6,ai-factory-liquid-cooled
Cooling — Liquid,direct-to-chip-cooling,dielectric / coolant filter element,cooling,Filter element / chemistry-conditioning cartridge for liquid-cooling loop,5,"ai-factory-liquid-cooled,cloud-hyperscale"
Cooling — Liquid,immersion-cooling,immersion-tank circulation pump,cooling,Dielectric-fluid circulation pump for immersion tank,7,ai-factory-liquid-cooled
Cooling — Liquid,immersion-cooling,immersion-tank heat exchanger,cooling,Coil / plate HX inside an immersion tank (fluid↔facility water),7,ai-factory-liquid-cooled
Cooling — Liquid,refrigerant-circuit,two-phase immersion condenser,cooling,Condenser coil for two-phase immersion (dielectric vapour↔water),7,ai-factory-liquid-cooled
Cooling — Air,RDHx,rear-door heat exchanger coil,cooling,Passive/active rear-door heat-exchanger coil for high-density racks,6,"colo-wholesale,cloud-hyperscale,ai-factory-liquid-cooled"
Cooling — Hydronics,pump,chilled-water circulation pump,cooling,Centrifugal chilled-water / condenser-water circulation pump,7,"legacy-raised-floor,enterprise-tier3,colo-wholesale,cloud-hyperscale,ai-factory-liquid-cooled"
Cooling — Hydronics,pump,pump motor / VFD,cooling,Induction motor + variable-frequency drive for hydronic pump,6,"enterprise-tier3,colo-wholesale,cloud-hyperscale,ai-factory-liquid-cooled"
Cooling — Hydronics,pump,pump mechanical seal / bearing,cooling,Mechanical shaft seal + bearing set for hydronic pump (consumable-ish),4,"legacy-raised-floor,enterprise-tier3,colo-wholesale,cloud-hyperscale,ai-factory-liquid-cooled"
Cooling — Hydronics,valve,motorized control valve (2-way/3-way),cooling,Characterized 2-way / 3-way control valve + actuator,5,"legacy-raised-floor,enterprise-tier3,colo-wholesale,cloud-hyperscale,ai-factory-liquid-cooled"
Cooling — Hydronics,valve,butterfly / gate isolation valve,cooling,Large isolation valve (butterfly/gate) for chilled-water headers,5,"enterprise-tier3,colo-wholesale,cloud-hyperscale,ai-factory-liquid-cooled"
Cooling — Hydronics,valve,pressure-independent control valve (PICV),cooling,Pressure-independent control valve for terminal-unit balancing,4,"colo-wholesale,cloud-hyperscale,ai-factory-liquid-cooled"
Cooling — Hydronics,heat-exchanger,plate-and-frame heat exchanger,cooling,Gasketed plate-and-frame HX (free-cooling / heat-recovery / facility loop),6,"enterprise-tier3,colo-wholesale,cloud-hyperscale,ai-factory-liquid-cooled"
Cooling — Hydronics,heat-exchanger,HX gasket / plate set,cooling,Replacement gasket + plate set for plate-and-frame HX (consumable),3,"enterprise-tier3,colo-wholesale,cloud-hyperscale,ai-factory-liquid-cooled"
Cooling — Hydronics,pipework,grooved pipe coupling / fitting,cooling,Grooved mechanical pipe coupling / fitting for chilled-water + fire mains,3,"legacy-raised-floor,enterprise-tier3,colo-wholesale,cloud-hyperscale,ai-factory-liquid-cooled"
Cooling — Hydronics,pipework,expansion / air-separation tank,cooling,Bladder expansion tank + air separator for hydronic loop,4,"legacy-raised-floor,enterprise-tier3,colo-wholesale,cloud-hyperscale,ai-factory-liquid-cooled"
Cooling — Hydronics,pipework,strainer / Y-strainer basket,cooling,Y-strainer / basket-strainer screen for pump-protection (consumable),3,"legacy-raised-floor,enterprise-tier3,colo-wholesale,cloud-hyperscale,ai-factory-liquid-cooled"
Fire — Detection,VESDA,aspirating smoke detector (VESDA),fire-life-safety,Aspirating smoke-detection unit (very-early-warning) + sampling pipe,7,"legacy-raised-floor,enterprise-tier3,colo-wholesale,cloud-hyperscale,ai-factory-liquid-cooled"
Fire — Detection,smoke-detection,addressable smoke/heat detector,fire-life-safety,Addressable photoelectric/heat detector for SLC loop,4,"legacy-raised-floor,enterprise-tier3,colo-wholesale,cloud-hyperscale,ai-factory-liquid-cooled,edge-micro"
Fire — Control,fire-panel,fire alarm control panel (FACP),fire-life-safety,Addressable fire-alarm control panel / network node,7,"legacy-raised-floor,enterprise-tier3,colo-wholesale,cloud-hyperscale,ai-factory-liquid-cooled"
Fire — Control,fire-panel,clean-agent release panel,fire-life-safety,"Suppression-release control panel (cross-zoned, abort/manual)",7,"legacy-raised-floor,enterprise-tier3,colo-wholesale,cloud-hyperscale,ai-factory-liquid-cooled"
Fire — Suppression,clean-agent,clean-agent cylinder (FM-200/Novec 1230),fire-life-safety,Pressurized clean-agent storage cylinder + valve assembly,7,"legacy-raised-floor,enterprise-tier3,colo-wholesale,cloud-hyperscale,ai-factory-liquid-cooled"
Fire — Suppression,gas-suppression,inert-gas (IG-541/IG-55) cylinder,fire-life-safety,Inert-gas suppression cylinder + manifold valve,7,"colo-wholesale,cloud-hyperscale,ai-factory-liquid-cooled"
Fire — Suppression,clean-agent,suppression nozzle / discharge head,fire-life-safety,Clean-agent / inert-gas discharge nozzle (orifice-sized),4,"legacy-raised-floor,enterprise-tier3,colo-wholesale,cloud-hyperscale,ai-factory-liquid-cooled"
Fire — Suppression,sprinkler,pre-action / deluge valve,fire-life-safety,Pre-action (double-interlock) / deluge valve assembly + trim,6,"enterprise-tier3,colo-wholesale,cloud-hyperscale,ai-factory-liquid-cooled"
Fire — Suppression,sprinkler,sprinkler head,fire-life-safety,Quick-response / standard sprinkler head (consumable on activation),3,"legacy-raised-floor,enterprise-tier3,colo-wholesale,cloud-hyperscale,ai-factory-liquid-cooled"
Fire — Suppression,fire-pump,electric fire pump + controller,fire-life-safety,Horizontal split-case electric fire pump + listed controller,6,"colo-wholesale,cloud-hyperscale,ai-factory-liquid-cooled"
Fire — Suppression,fire-pump,diesel fire pump engine,fire-life-safety,Diesel-driven fire-pump engine + controller (standby),6,"colo-wholesale,cloud-hyperscale,ai-factory-liquid-cooled"
Fire — Suppression,fire-pump,jockey pump,fire-life-safety,Pressure-maintenance (jockey) pump for fire main,4,"colo-wholesale,cloud-hyperscale,ai-factory-liquid-cooled"
Life-Safety — Egress,emergency-lighting,emergency luminaire / inverter,fire-life-safety,Self-contained emergency luminaire / central-battery inverter,3,"legacy-raised-floor,enterprise-tier3,colo-wholesale,cloud-hyperscale,ai-factory-liquid-cooled,edge-micro"
Network — Fabric,spine-leaf-switch,data-center leaf/spine switch,network-ict,High-radix DC Ethernet/InfiniBand leaf or spine switch,6,"colo-wholesale,cloud-hyperscale,ai-factory-liquid-cooled"
Network — Fabric,spine-leaf-switch,switch power supply / fan module,network-ict,Hot-swap PSU / fan tray for DC switch,4,"colo-wholesale,cloud-hyperscale,ai-factory-liquid-cooled"
Network — Optics,optical-transceiver,optical transceiver (QSFP-DD/OSFP/QSFP28),network-ict,Pluggable optical transceiver (100G-800G) for DC fabric,4,"colo-wholesale,cloud-hyperscale,ai-factory-liquid-cooled"
Network — Cabling,fiber-ODF,optical distribution frame module / cassette,network-ict,High-density ODF cassette / MTP-MPO module,3,"colo-wholesale,cloud-hyperscale,ai-factory-liquid-cooled"
Network — Cabling,structured-cabling,fiber trunk / patch assembly,network-ict,Pre-terminated fiber trunk or patch assembly (OS2/OM4),3,"legacy-raised-floor,enterprise-tier3,colo-wholesale,cloud-hyperscale,ai-factory-liquid-cooled"
Network — Cabling,patch-panel,copper patch panel (Cat6A),network-ict,24/48-port Cat6A patch panel + cassettes,2,"legacy-raised-floor,enterprise-tier3,colo-wholesale,cloud-hyperscale,edge-micro"
Network — Management,console-server,serial console / OOB management server,network-ict,Out-of-band serial console server / smart PDU controller,4,"enterprise-tier3,colo-wholesale,cloud-hyperscale,ai-factory-liquid-cooled,edge-micro"
Network — Management,KVM,KVM-over-IP switch,network-ict,KVM-over-IP switch / IP-KVM module for remote console,2,"legacy-raised-floor,enterprise-tier3,colo-wholesale,edge-micro"
Controls — BMS,DDC-PLC-controller,DDC plant controller,bms-controls,Direct-digital-control plant/AHU controller (BACnet/Niagara),6,"legacy-raised-floor,enterprise-tier3,colo-wholesale,cloud-hyperscale,ai-factory-liquid-cooled"
Controls — BMS,DDC-PLC-controller,programmable logic controller (PLC),bms-controls,Safety/process PLC + I/O for electrical or cooling plant,6,"colo-wholesale,cloud-hyperscale,ai-factory-liquid-cooled"
Controls — BMS,LDC-panel,local display controller / HMI panel,bms-controls,"Local display controller / touch HMI at plant skid (chiller, e-house, BMS room)",5,"enterprise-tier3,colo-wholesale,cloud-hyperscale,ai-factory-liquid-cooled"
Controls — BMS,BACnet-gateway,BACnet / Modbus protocol gateway,bms-controls,Protocol gateway (BACnet/IP↔Modbus↔SNMP↔Niagara),4,"legacy-raised-floor,enterprise-tier3,colo-wholesale,cloud-hyperscale,ai-factory-liquid-cooled"
Controls — BMS,SCADA-RTU,SCADA RTU / IED for EPMS,bms-controls,Remote terminal unit / IED for electrical power-monitoring SCADA,5,"colo-wholesale,cloud-hyperscale,ai-factory-liquid-cooled"
Controls — Field,sensor,temperature / humidity sensor (room),bms-controls,Room / supply-air temperature + humidity sensor,2,"legacy-raised-floor,enterprise-tier3,colo-wholesale,cloud-hyperscale,ai-factory-liquid-cooled,edge-micro"
Controls — Field,sensor,pressure / flow sensor (hydronic),bms-controls,Differential-pressure / flow sensor for chilled-water loop,3,"enterprise-tier3,colo-wholesale,cloud-hyperscale,ai-factory-liquid-cooled"
Controls — Field,sensor,coolant leak-detection cable/sensor,bms-controls,Conductive / fluorescent leak-detection cable + controller for liquid-cooling,5,"ai-factory-liquid-cooled,cloud-hyperscale"
Controls — Field,actuator,damper / valve actuator,bms-controls,Spring-return / non-spring damper or valve actuator (24V/0-10V),3,"legacy-raised-floor,enterprise-tier3,colo-wholesale,cloud-hyperscale,ai-factory-liquid-cooled"
Controls — Field,actuator,VFD (general HVAC),bms-controls,General-purpose variable-frequency drive for fans/pumps,5,"legacy-raised-floor,enterprise-tier3,colo-wholesale,cloud-hyperscale,ai-factory-liquid-cooled"
Structure — White Space,raised-floor-tile,raised-floor tile / pedestal,structural-civil,Bolted-stringer raised-floor panel + pedestal / perforated tile,2,"legacy-raised-floor,enterprise-tier3,colo-wholesale"
Structure — White Space,server-rack,server cabinet / rack frame,structural-civil,42-52U server cabinet with doors + cable management,2,"enterprise-tier3,colo-wholesale,cloud-hyperscale,ai-factory-liquid-cooled,edge-micro"
Structure — White Space,aisle-containment,hot/cold-aisle containment panel/door,structural-civil,Aisle-containment roof/door/wall panel + auto-release,2,"enterprise-tier3,colo-wholesale,cloud-hyperscale,ai-factory-liquid-cooled"
Structure — Pathways,cable-tray,cable tray / ladder rack section,structural-civil,Overhead cable tray / ladder section + fittings,2,"legacy-raised-floor,enterprise-tier3,colo-wholesale,cloud-hyperscale,ai-factory-liquid-cooled"
Structure — Seismic,seismic-brace,seismic bracing / isolation mount,structural-civil,Seismic bracing kit / vibration-isolation mount for equipment,3,"enterprise-tier3,colo-wholesale,cloud-hyperscale,ai-factory-liquid-cooled"
Monitoring — DCIM,DCIM-sensor,DCIM environmental sensor pod,monitoring,Wireless / wired DCIM sensor node (temp/humidity/door/leak),2,"enterprise-tier3,colo-wholesale,cloud-hyperscale,ai-factory-liquid-cooled,edge-micro"
Monitoring — DCIM,power-meter,branch-circuit / busway power meter,monitoring,Branch-circuit or busway power-monitoring module,4,"enterprise-tier3,colo-wholesale,cloud-hyperscale,ai-factory-liquid-cooled"
Monitoring — Security,access-control,access-control reader / controller,monitoring,Card/biometric reader + door controller for secure-zone access,3,"legacy-raised-floor,enterprise-tier3,colo-wholesale,cloud-hyperscale,ai-factory-liquid-cooled,edge-micro"
Monitoring — Security,video-surveillance,IP camera / NVR module,monitoring,IP surveillance camera / network-video-recorder module,2,"legacy-raised-floor,enterprise-tier3,colo-wholesale,cloud-hyperscale,ai-factory-liquid-cooled,edge-micro"
Monitoring — Detection,leak-detection,spot / rope water-leak detector,monitoring,Spot or rope-style water-leak detector + panel (under-floor / CRAC pans),4,"legacy-raised-floor,enterprise-tier3,colo-wholesale,cloud-hyperscale,ai-factory-liquid-cooled"
Power — Distribution,switchgear,LV moulded-case circuit breaker (MCCB),electrical,Moulded-case circuit breaker 16–1600 A for LV distribution panels,6,"legacy-raised-floor,enterprise-tier3,colo-wholesale,cloud-hyperscale,ai-factory-liquid-cooled,edge-micro"
Power — Distribution,switchgear,surge protection device (SPD/TVSS),electrical,Surge-protective device / TVSS for LV distribution boards and racks,4,"legacy-raised-floor,enterprise-tier3,colo-wholesale,cloud-hyperscale,ai-factory-liquid-cooled,edge-micro"
Power — Distribution,switchgear,earth-fault / arc-flash relay,electrical,Earth-fault monitoring relay or arc-flash detection relay for LV panels,7,"enterprise-tier3,colo-wholesale,cloud-hyperscale,ai-factory-liquid-cooled"
Power — Distribution,switchgear,bus-tie breaker,electrical,Bus-tie / bus-section circuit breaker for paralleling two main bus sections,8,"enterprise-tier3,colo-wholesale,cloud-hyperscale,ai-factory-liquid-cooled"
Power — Distribution,switchgear,ring-main unit (RMU) module,electrical,SF6 / vacuum ring-main unit switchgear module for campus MV ring feeds,8,"colo-wholesale,cloud-hyperscale,ai-factory-liquid-cooled"
Power — Distribution,transformer,on-load tap changer (OLTC),electrical,On-load tap-changer mechanism for regulating transformer output voltage,7,"colo-wholesale,cloud-hyperscale,ai-factory-liquid-cooled"
Power — Distribution,transformer,transformer protection relay (Buchholz/breather),electrical,Buchholz relay + silica-gel breather + thermostat for oil-immersed transformer monitoring,6,"colo-wholesale,cloud-hyperscale,ai-factory-liquid-cooled"
Power — Distribution,PDU,rack automatic transfer switch (in-rack ATS),electrical,In-rack dual-feed automatic transfer switch for single-cord servers,7,"enterprise-tier3,colo-wholesale,cloud-hyperscale,ai-factory-liquid-cooled"
Power — Distribution,PDU,PDU branch-circuit monitoring strip,electrical,Per-outlet or per-branch current/energy monitoring strip inside floor/rack PDU,4,"enterprise-tier3,colo-wholesale,cloud-hyperscale,ai-factory-liquid-cooled"
Power — Power Quality,harmonic-filter,passive / active harmonic filter,electrical,Passive LC or active harmonic filter for UPS/VFD harmonic mitigation,5,"enterprise-tier3,colo-wholesale,cloud-hyperscale,ai-factory-liquid-cooled"
Power — DC,dc-busway,DC-bus capacitor bank (48V/400V DC busway),electrical,DC-bus capacitor bank module for 48V/400V DC distribution systems,6,"cloud-hyperscale,ai-factory-liquid-cooled"
Power — Standby Generation,diesel-generator,generator AVR (automatic voltage regulator),mechanical,Automatic voltage regulator module for diesel genset alternator,7,"legacy-raised-floor,enterprise-tier3,colo-wholesale,cloud-hyperscale,ai-factory-liquid-cooled"
Power — Standby Generation,diesel-generator,generator load bank (resistive),mechanical,Resistive load bank for periodic genset load testing (portable/permanent),4,"enterprise-tier3,colo-wholesale,cloud-hyperscale,ai-factory-liquid-cooled"
Power — Standby Generation,diesel-generator,genset coolant pump,mechanical,Engine jacket-water centrifugal coolant pump for diesel genset,6,"enterprise-tier3,colo-wholesale,cloud-hyperscale,ai-factory-liquid-cooled"
Power — Standby Generation,diesel-generator,genset radiator core,mechanical,Engine radiator / heat exchanger core for remote genset cooling,5,"enterprise-tier3,colo-wholesale,cloud-hyperscale"
Power — Standby Generation,diesel-generator,genset fuel injector / common-rail,mechanical,Fuel injector or common-rail assembly for diesel genset engine,6,"enterprise-tier3,colo-wholesale,cloud-hyperscale,ai-factory-liquid-cooled"
Power — Standby Generation,fuel-system,fuel-level transmitter / float switch,mechanical,Tank-level transmitter or float switch for diesel day-tank / bulk-tank,4,"enterprise-tier3,colo-wholesale,cloud-hyperscale,ai-factory-liquid-cooled"
Power — Standby Generation,fuel-system,fuel-tank leak-detection sensor,mechanical,Under-tank bund / double-wall leak detector for diesel fuel tanks,5,"enterprise-tier3,colo-wholesale,cloud-hyperscale,ai-factory-liquid-cooled"
Cooling — Chilled Water,chiller,chiller oil filter / purge unit,cooling,Refrigerant-side oil filter cartridge or purge unit for centrifugal chiller,5,"legacy-raised-floor,enterprise-tier3,colo-wholesale,cloud-hyperscale"
Cooling — Chilled Water,chiller,chiller refrigerant relief valve,cooling,Pressure-relief valve for chiller refrigerant circuit (code-required),5,"enterprise-tier3,colo-wholesale,cloud-hyperscale,ai-factory-liquid-cooled"
Cooling — Heat Rejection,cooling-tower,cooling-tower spray nozzle / distribution header,cooling,Replacement spray nozzle or hot-water distribution header for cooling tower,3,"legacy-raised-floor,enterprise-tier3,colo-wholesale,cloud-hyperscale"
Cooling — Heat Rejection,cooling-tower,cooling-tower basin heater,cooling,Electric immersion heater for cooling-tower basin freeze protection,4,"enterprise-tier3,colo-wholesale,cloud-hyperscale"
Cooling — Heat Rejection,cooling-tower,cooling-tower vibration switch,cooling,Vibration switch / accelerometer for cooling-tower fan shaft protection,5,"enterprise-tier3,colo-wholesale,cloud-hyperscale"
Cooling — Heat Rejection,cooling-tower,cooling-tower water-treatment dosing pump,cooling,Chemical dosing pump / controller for cooling-tower water treatment,4,"enterprise-tier3,colo-wholesale,cloud-hyperscale,ai-factory-liquid-cooled"
Cooling — Heat Rejection,dry-cooler,plate-HX cleaning-in-place (CIP) skid,cooling,CIP skid (pump + heater + chemical vessel) for plate heat exchanger cleaning,4,"enterprise-tier3,colo-wholesale,cloud-hyperscale,ai-factory-liquid-cooled"
Cooling — Air,CRAC-CRAH,CRAC reheat element / condensate pump,cooling,Electric reheat element or condensate transfer pump for CRAC/CRAH unit,4,"legacy-raised-floor,enterprise-tier3,colo-wholesale"
Cooling — Air,AHU,AHU heat-recovery wheel / UV-C lamp,cooling,Thermal wheel / enthalpy recovery wheel or UV-C germicidal lamp for AHU,4,"colo-wholesale,cloud-hyperscale,ai-factory-liquid-cooled"
Cooling — Air,CRAC-CRAH,perimeter CRAH valve actuator,cooling,Spring-return actuator for cooling-coil 2-way valve on perimeter CRAH,4,"legacy-raised-floor,enterprise-tier3,colo-wholesale"
Cooling — Air,RDHx,rear-door HX fan / coil cleaning kit,cooling,Replacement fan assembly or chemical coil-cleaning kit for rear-door HX,4,"colo-wholesale,cloud-hyperscale,ai-factory-liquid-cooled"
Cooling — Liquid,CDU-coolant-distribution,secondary CDU pump,cooling,Secondary or redundant coolant pump within CDU (built-in N+1 pump),8,ai-factory-liquid-cooled
Cooling — Liquid,CDU-coolant-distribution,CDU expansion tank / accumulator,cooling,Pressurized expansion tank or accumulator for CDU coolant circuit,6,"ai-factory-liquid-cooled,cloud-hyperscale"
Cooling — Liquid,CDU-coolant-distribution,CDU filtration cartridge (5µm/50µm),cooling,Consumable filtration cartridge (5 µm or 50 µm) for CDU coolant loop,5,"ai-factory-liquid-cooled,cloud-hyperscale"
Cooling — Liquid,CDU-coolant-distribution,CDU flow control valve,cooling,Motorized flow-control or proportional valve inside CDU coolant circuit,6,"ai-factory-liquid-cooled,cloud-hyperscale"
Cooling — Liquid,CDU-coolant-distribution,CDU coolant chemistry sensor,cooling,Inline pH / conductivity / turbidity sensor for CDU coolant-loop chemistry monitoring,6,"ai-factory-liquid-cooled,cloud-hyperscale"
Cooling — Liquid,direct-to-chip-cooling,cold-plate gasket / O-ring kit,cooling,Replacement gasket and O-ring kit for GPU/CPU liquid cold plate maintenance,5,ai-factory-liquid-cooled
Cooling — Liquid,cooling-manifold,manifold quick-disconnect blanking plug,cooling,Dripless blanking / dummy plug for unused manifold QD ports (server removal),5,ai-factory-liquid-cooled
Cooling — Liquid,immersion-cooling,"dielectric fluid (bulk, per-litre)",cooling,Engineered dielectric immersion fluid — single-phase or two-phase (consumable replenishment),6,ai-factory-liquid-cooled
Cooling — Liquid,immersion-cooling,immersion-tank lid seal / gasket,cooling,Tank lid / cover gasket or seal kit for immersion-cooling tank enclosure,5,ai-factory-liquid-cooled
Cooling — Liquid,immersion-cooling,immersion fluid filtration cartridge,cooling,Particulate / activated-carbon filter cartridge for dielectric immersion fluid polishing,5,ai-factory-liquid-cooled
Cooling — Hydronics,pump,vertical inline pump (VIL),cooling,Vertical inline centrifugal pump for chilled-water or condenser-water circuits,7,"enterprise-tier3,colo-wholesale,cloud-hyperscale,ai-factory-liquid-cooled"
Cooling — Hydronics,pump,double-suction split-case pump,cooling,Horizontally split-case double-suction centrifugal pump for large condenser-water / fire loops,7,"colo-wholesale,cloud-hyperscale,ai-factory-liquid-cooled"
Cooling — Hydronics,pump,submersible sump pump,cooling,Submersible sump / drainage pump for mechanical room flood management,4,"enterprise-tier3,colo-wholesale,cloud-hyperscale,ai-factory-liquid-cooled"
Cooling — Hydronics,pump,pump coupling / flexible spider,cooling,Flexible jaw coupling / spider insert for pump-to-motor alignment (consumable),3,"enterprise-tier3,colo-wholesale,cloud-hyperscale,ai-factory-liquid-cooled"
Cooling — Hydronics,valve,check valve (silent/spring-loaded),cooling,Silent or spring-loaded check valve for hydronic pump discharge (no water-hammer),4,"enterprise-tier3,colo-wholesale,cloud-hyperscale,ai-factory-liquid-cooled"
Cooling — Hydronics,valve,pressure relief valve (hydronic ASME),cooling,ASME-coded pressure relief valve for hydronic system overpressure protection,5,"enterprise-tier3,colo-wholesale,cloud-hyperscale,ai-factory-liquid-cooled"
Cooling — Hydronics,valve,backflow preventer (RP / DC type),cooling,Reduced-pressure or double-check backflow preventer for potable / condenser cross-connection,5,"enterprise-tier3,colo-wholesale,cloud-hyperscale,ai-factory-liquid-cooled"
Cooling — Hydronics,pipework,flexible pipe connector / expansion joint,cooling,Rubber or stainless flexible pipe connector / expansion joint for vibration isolation,3,"enterprise-tier3,colo-wholesale,cloud-hyperscale,ai-factory-liquid-cooled"
Cooling — Hydronics,pipework,pipe spring hanger / support,cooling,Variable-spring or constant-spring pipe hanger for large CHW headers,3,"enterprise-tier3,colo-wholesale,cloud-hyperscale,ai-factory-liquid-cooled"
Fire — Detection,detection,linear heat detection cable,fire-life-safety,Analogue or digital linear-heat-detection cable for cable rooms and risers,6,"enterprise-tier3,colo-wholesale,cloud-hyperscale,ai-factory-liquid-cooled"
Fire — Detection,detection,beam smoke detector,fire-life-safety,Wide-area optical beam smoke detector for large open-plan spaces,5,"enterprise-tier3,colo-wholesale,cloud-hyperscale"
Fire — Detection,detection,flame detector (UV/IR),fire-life-safety,UV/IR or multi-spectrum flame detector for generator rooms / fuel areas,6,"enterprise-tier3,colo-wholesale,cloud-hyperscale,ai-factory-liquid-cooled"
Fire — Detection,detection,duct smoke detector,fire-life-safety,In-duct sampling smoke detector for supply/return air HVAC systems,5,"legacy-raised-floor,enterprise-tier3,colo-wholesale,cloud-hyperscale,ai-factory-liquid-cooled"
Fire — Notification,notification,sounder / strobe (NAC device),fire-life-safety,Notification appliance (horn/strobe) on notification appliance circuit,3,"legacy-raised-floor,enterprise-tier3,colo-wholesale,cloud-hyperscale,ai-factory-liquid-cooled,edge-micro"
Fire — Suppression,fire-pump,fire-pump test header / flow meter,fire-life-safety,Fire-pump test header assembly with flow measurement for annual certification,5,"colo-wholesale,cloud-hyperscale,ai-factory-liquid-cooled"
Fire — Suppression,clean-agent,pre-action air compressor / nitrogen generator,fire-life-safety,Small air compressor or nitrogen generator maintaining dry-pipe/pre-action system supervisory air,5,"enterprise-tier3,colo-wholesale,cloud-hyperscale,ai-factory-liquid-cooled"
Fire — Control,fire-panel,fire-panel SLC isolator / relay module,fire-life-safety,Short-circuit isolator module or relay module on SLC signalling line circuit,5,"enterprise-tier3,colo-wholesale,cloud-hyperscale,ai-factory-liquid-cooled"
Fire — Control,fire-panel,EVAC amplifier / voice alarm module,fire-life-safety,Emergency voice / alarm communication (EVAC) amplifier or PA module in fire panel,5,"colo-wholesale,cloud-hyperscale,ai-factory-liquid-cooled"
Fire — Detection,VESDA,VESDA aspirating-pipe sampling filter (consumable),fire-life-safety,Replacement sampling-point filter element for VESDA / aspirating detection pipe,3,"enterprise-tier3,colo-wholesale,cloud-hyperscale,ai-factory-liquid-cooled"
Network — Fabric,spine-leaf-switch,spine chassis line card / fabric module,network-ict,Line card or fabric/supervisor module for modular spine-chassis switch,6,"cloud-hyperscale,ai-factory-liquid-cooled"
Network — Optics,optical-transceiver,AOC / DAC direct-attach cable,network-ict,Active optical cable (AOC) or passive direct-attach copper (DAC) for short-reach switch interconnect,3,"colo-wholesale,cloud-hyperscale,ai-factory-liquid-cooled"
Network — Cabling,fiber-ODF,fiber pigtail / splice tray,network-ict,Pre-terminated fiber pigtails and splice tray cassette for ODF termination,2,"legacy-raised-floor,enterprise-tier3,colo-wholesale,cloud-hyperscale,ai-factory-liquid-cooled"
Network — Cabling,structured-cabling,MPO-MPO trunk / LC duplex patch cord,network-ict,Pre-terminated MPO-MPO trunk or LC duplex patch cord (OS2/OM4) for high-density patching,2,"enterprise-tier3,colo-wholesale,cloud-hyperscale,ai-factory-liquid-cooled"
Network — Timing,timing,PTP grandmaster / timing appliance,network-ict,IEEE 1588 PTP grandmaster clock or timing server for AI-factory precision time,5,"ai-factory-liquid-cooled,cloud-hyperscale"
Network — Management,console-server,out-of-band cellular gateway,network-ict,LTE/5G out-of-band management gateway for remote site access,4,"edge-micro,enterprise-tier3,colo-wholesale"
Network — Optics,optical-transceiver,WDM mux/demux module,network-ict,Passive CWDM/DWDM mux-demux module for fibre wavelength multiplexing,4,"colo-wholesale,cloud-hyperscale,ai-factory-liquid-cooled"
Controls — BMS,DDC-PLC-controller,I/O expansion module (DI/DO/AI/AO),bms-controls,Digital / analogue I/O expansion module for DDC controller or PLC rack,5,"enterprise-tier3,colo-wholesale,cloud-hyperscale,ai-factory-liquid-cooled"
Controls — BMS,DDC-PLC-controller,building controller UPS / power supply,bms-controls,Panel UPS or 24 V DC power supply for DDC/BMS controller room,5,"enterprise-tier3,colo-wholesale,cloud-hyperscale,ai-factory-liquid-cooled"
Controls — Field,sensor,CO2 / air-quality sensor,bms-controls,CO2 + TVOC air-quality sensor for generator room ventilation and occupant monitoring,4,"enterprise-tier3,colo-wholesale,cloud-hyperscale,ai-factory-liquid-cooled"
Controls — Field,sensor,differential-pressure transmitter (room/containment),bms-controls,Room or containment differential-pressure transmitter for hot-aisle / clean-room monitoring,5,"enterprise-tier3,colo-wholesale,cloud-hyperscale,ai-factory-liquid-cooled"
Controls — Field,sensor,current transducer (sub-metering),bms-controls,Split-core or through-hole CT for branch-circuit sub-metering,4,"enterprise-tier3,colo-wholesale,cloud-hyperscale,ai-factory-liquid-cooled"
Controls — Field,actuator,field-bus repeater (RS-485/MS-TP),bms-controls,RS-485 / BACnet MS/TP bus repeater or segment coupler for extending control networks,3,"legacy-raised-floor,enterprise-tier3,colo-wholesale,cloud-hyperscale"
Controls — SCADA,SCADA-RTU,SCADA HMI panel PC,bms-controls,Panel-mount industrial HMI / SCADA workstation for electrical or cooling plant visualization,5,"enterprise-tier3,colo-wholesale,cloud-hyperscale,ai-factory-liquid-cooled"
Structure — White Space,raised-floor-tile,perforated floor tile with damper,structural-civil,Perforated raised-floor tile with adjustable airflow damper for floor-plenum balancing,2,"legacy-raised-floor,enterprise-tier3,colo-wholesale"
Structure — White Space,server-rack,cabinet blanking panel (1U/2U),structural-civil,1U or 2U rack blanking panel for airflow management in server cabinets,1,"enterprise-tier3,colo-wholesale,cloud-hyperscale,ai-factory-liquid-cooled,edge-micro"
Structure — White Space,server-rack,cabinet earthing / bonding kit,structural-civil,Rack earthing / bonding strip and grounding hardware kit,2,"enterprise-tier3,colo-wholesale,cloud-hyperscale,ai-factory-liquid-cooled"
Structure — Pathways,cable-tray,cable basket (wire mesh tray) / divider,structural-civil,Wire-mesh cable basket tray section and divider insert for pathway separation,2,"legacy-raised-floor,enterprise-tier3,colo-wholesale,cloud-hyperscale,ai-factory-liquid-cooled"
Structure — Pathways,cable-tray,trapeze hanger / spring vibration isolator,structural-civil,Trapeze hanger assembly or spring-type vibration isolation pad for equipment / pipe support,2,"enterprise-tier3,colo-wholesale,cloud-hyperscale,ai-factory-liquid-cooled"
Monitoring — DCIM,DCIM-sensor,rack temperature string (multi-point),monitoring,Multi-point rack temperature sensor string (top/middle/bottom) for per-rack thermal profiling,3,"enterprise-tier3,colo-wholesale,cloud-hyperscale,ai-factory-liquid-cooled"
Monitoring — DCIM,DCIM-sensor,under-floor zoned leak rope,monitoring,Zoned leak-detection rope sensor for under-floor plenum or secondary-loop trench,5,"enterprise-tier3,colo-wholesale,cloud-hyperscale,ai-factory-liquid-cooled"
Monitoring — DCIM,DCIM-sensor,thermal imaging camera (rack hot-spot),monitoring,Spot thermal / infrared camera for rack hot-spot detection without airflow disruption,4,"colo-wholesale,cloud-hyperscale,ai-factory-liquid-cooled"
Monitoring — DCIM,power-meter,power-quality analyzer (portable),monitoring,Portable power-quality analyzer for site survey / commissioning / maintenance,4,"enterprise-tier3,colo-wholesale,cloud-hyperscale,ai-factory-liquid-cooled"
Monitoring — DCIM,power-meter,UPS battery monitor (per-cell),monitoring,Per-cell / per-module battery monitor for UPS VRLA or Li-ion state-of-health tracking,6,"enterprise-tier3,colo-wholesale,cloud-hyperscale,ai-factory-liquid-cooled"
Monitoring — DCIM,DCIM-sensor,vibration sensor (rotating equipment),monitoring,"Triaxial vibration sensor for online condition monitoring of pumps, fans, and compressors",5,"enterprise-tier3,colo-wholesale,cloud-hyperscale,ai-factory-liquid-cooled"
Monitoring — DCIM,DCIM-sensor,ultrasonic clamp-on flow meter,monitoring,Clamp-on ultrasonic flow meter for non-invasive pipe flow measurement on CHW / CDU loops,5,"enterprise-tier3,colo-wholesale,cloud-hyperscale,ai-factory-liquid-cooled"
Monitoring — DCIM,DCIM-sensor,transformer dissolved-gas analyzer (DGA),monitoring,Online dissolved-gas analysis unit for oil-immersed transformer incipient-fault detection,7,"colo-wholesale,cloud-hyperscale,ai-factory-liquid-cooled"
